1,9,.,0
"9:23 PM EST on February 20, 2015"
1,9,.,0
"9:23 PM EST on February 20, 2015"
1,9,.,0
"9:23 PM EST on February 20, 2015"
1,9,.,0
"9:23 PM EST on February 20, 2015"
1,9,.,0
"9:23 PM EST on February 20, 2015"
1,9,.,0
"9:23 PM EST on February 20, 2015"
1,9,.,0
"9:23 PM EST on February 20, 2015"
1,9,.,0
"9:23 PM EST on February 20, 2015"
1,9,.,0
"9:23 PM EST on February 20, 2015"
1,9,.,0
"9:23 PM EST on February 20, 2015"
1,9,.,0
"9:23 PM EST on February 20, 2015"
1,9,.,0
"9:23 PM EST on February 20, 2015"
1,9,.,0
"9:23 PM EST on February 20, 2015"
1,9,.,0
"9:23 PM EST on February 20, 2015"
